1,1483,75,3.1
2,1495,100,8.8
3,5534,75,6.7
4,101,90,9.7
5,2971,55,2.4
6,2095,25,2.2
7,5366,250,9
8,9883,55,5.6
9,1408,155,3.4
10,8169,45,2.4
11,297,75,3.9
12,8629,35,7.8
13,7012,30,4.7
14,1096,45,2.1
15,7701,85,2.2
16,7149,110,9.1
17,6537,35,7.5
18,1622,35,6.7
19,8595,70,8
20,8642,30,8.5
21,7287,30,5.3
22,4019,75,2.2
23,1938,40,2.5
24,4519,130,5.2
25,2429,75,1
26,2973,35,2.3
27,1095,60,1.6
28,7951,35,1.9
29,3049,30,4.4
30,5707,30,6.4
31,4222,75,5
32,1028,30,1
856,1425,80,3.8
33,3858,70,6.7
34,5173,35,5.1
35,8418,25,6
36,7908,50,7.5
37,7751,30,6.7
38,4265,55,4.7
39,3857,20,2.3
40,4183,25,3.4
41,2195,55,3.9
42,7720,25,6.5
43,70,65,5.9
44,7347,20,6.3
45,2730,55,2.2
46,1970,35,4.5
47,5073,95,9
48,3205,25,6.9
49,6672,20,4.2
50,7032,60,6.2
51,3431,35,7.4
52,646,65,4.8
1710,6933,95,6.7
53,2734,25,4.9
54,6993,35,8.2
55,5361,35,4.7
56,3843,40,7.6
57,6996,55,2.5
58,2639,95,4
59,7927,50,8.1
60,4498,50,2.7
61,6555,60,6.9
62,4922,100,8
63,6152,85,7.8
64,8389,60,7.5
65,3996,30,3.7
66,6631,85,2.9
67,7892,50,3.4
68,1475,55,3.2
69,696,55,1.4
70,4771,55,6.4
71,1350,60,7.8
72,1607,45,7.5
73,2943,40,9.9
74,9489,35,6
75,2261,60,4.7
76,9919,40,9.8
77,1891,115,8.7
78,7555,40,6.8
79,8909,85,6.6
80,4639,60,9.7
81,371,90,5.4
82,9413,25,2.4
83,7874,40,3.4
84,4471,85,4.2
85,1647,25,6.7
86,5396,125,1.1
87,4629,65,9.8
88,4911,75,3.2
89,4121,90,7.5
90,6469,30,2.6
91,6573,25,1
92,3537,35,4.1
93,3068,60,5
94,5524,130,3.5
95,3030,125,8.2
96,3883,20,1.1
97,636,65,3.1
98,5177,50,7.1
99,1173,60,4.5
100,5115,65,3.7
101,8048,55,2
102,9728,90,6.9
103,4734,80,9.8
104,8070,40,1.7
105,1260,85,1.7
1711,3075,40,4.3
106,4307,75,6.3
107,4126,100,2.8
108,7166,85,6.6
109,1467,65,4.3
110,6397,55,9.7
111,8691,200,9.4
112,6424,75,5.4
113,8234,60,1.7
114,7173,115,4.7
115,3143,35,4.9
116,7907,20,2.1
117,7806,20,3.7
174,6366,100,3.3
118,3536,35,1.1
119,6541,100,7.8
120,708,70,4.8
121,2466,35,7.3
122,4967,60,8.4
123,2488,85,7.1
124,3719,60,3.3
125,9757,95,6.6
126,2348,90,1.8
127,5578,120,3.7
128,8974,65,5.6
175,7051,75,6.9
1712,9575,50,4.9
129,9625,90,3.6
130,3964,60,5.6
131,8761,20,2.2
132,4063,75,4.2
133,6265,45,7.8
134,1167,35,3.9
135,555,50,2.8
136,6144,60,9.6
176,6251,70,2.7
1713,4220,30,6.3
137,5950,30,3.1
138,8898,40,7.7
139,3910,185,5.2
140,170,45,1.2
141,224,105,5.1
142,565,110,6.9
143,8732,160,6.8
144,2406,135,4.7
187,9406,60,4.1
145,9634,140,5.4
146,6673,60,1.6
147,3214,85,6.4
148,8954,70,1.3
149,2632,40,1.5
150,6647,40,9.7
151,2257,25,9
152,7547,60,2.8
153,1071,60,4
154,9600,35,4.2
188,9344,30,3.3
1797,8841,70,6.3
155,8082,70,4.3
156,4556,45,5.5
157,1213,50,8.2
158,9911,50,9.1
159,1857,35,6.8
160,4925,95,10
161,5442,40,3.5
162,4133,80,4.6
163,4640,60,4.7
189,5569,40,8.9
164,6586,155,5.2
165,6481,60,6.1
166,6827,70,6.3
167,8523,40,3
168,5241,90,2.7
169,8570,105,4.1
170,2038,45,7.9
171,1492,65,2.9
172,615,140,1.4
173,8916,65,7.8
1714,5396,65,7.4
177,7862,65,1.2
178,293,115,9.8
179,2995,95,9.9
180,432,30,9.2
181,8159,45,7.1
182,7813,20,8.9
183,4564,75,6.2
184,2446,80,7.4
185,9471,55,4.5
186,7600,65,9.9
221,6067,65,7.3
190,7764,20,8.7
191,3222,30,2.7
192,9176,90,5.7
193,7070,85,7.4
194,9791,35,4.1
195,4832,95,8.1
196,4934,75,4.1
197,5193,65,7.5
198,1622,55,4.8
199,4417,75,9.2
200,4171,40,1.7
1397,9518,20,3.7
201,7723,65,4.2
202,619,35,4.1
203,4620,70,6.1
204,6274,35,4.6
205,5384,90,2.3
206,5642,55,5
207,7680,75,5.1
208,9150,95,6
209,9003,25,1.9
210,6340,70,4.9
1715,1135,70,7
211,6457,90,5.8
212,2520,25,8
213,5761,105,6.2
214,971,130,1.7
215,4088,50,2.6
216,3311,115,3.2
217,2704,100,1.1
218,9784,80,7.1
219,6539,60,5.2
220,1681,50,7
1716,6419,90,7.8
222,6872,50,1.5
223,662,75,10
224,8253,20,2.7
225,6780,55,2.8
226,9603,40,2
227,9218,55,7.3
228,9973,45,1.3
229,8032,40,8.7
230,6494,55,5.4
231,2849,65,2
1717,3120,65,6.9
232,5983,95,1.4
233,5700,110,9.3
234,4373,65,7.9
235,2590,20,9.4
236,6713,115,6.4
237,5803,120,9.6
238,3659,70,10
239,2249,50,5.2
240,5802,50,2.8
241,1107,55,5.5
242,669,70,8.5
243,3443,80,2.3
244,6116,100,2.6
245,7083,55,8.1
246,5295,80,2.8
247,3166,90,1.5
248,2215,65,4.4
249,5896,55,8.2
250,7942,30,3.8
251,6673,65,3.2
252,5303,50,5.1
253,85,115,4
254,9106,70,5.5
255,696,60,2.1
256,3079,90,6
257,7177,60,1.7
258,1317,95,1.9
259,3533,120,5.1
326,1224,80,7.6
260,5711,90,3.2
261,8478,95,3.5
262,4245,65,2.2
263,1394,45,8.7
264,6547,75,4.7
265,3150,75,7.6
266,4854,75,7.2
276,4380,55,2.9
1718,8869,35,1.7
267,4743,75,8.8
268,261,75,5.8
269,4270,20,9.2
270,3383,30,4.1
271,2398,65,5.7
272,8422,110,7.3
273,9372,120,4.3
274,5565,125,6.7
275,149,40,9.4
277,5422,50,8.2
278,8091,85,6
279,4663,60,6
280,8837,50,3.6
281,2677,115,7.5
282,5772,60,3.4
283,1512,50,5.9
284,8885,60,7.3
285,9338,100,1.7
297,2177,55,6.7
1719,5720,45,9.8
286,2957,65,8.5
287,7402,55,2.6
288,4481,40,2.8
289,6540,25,5.1
290,6677,95,3.5
291,2010,45,3.7
292,46,20,1.3
293,6937,20,3.4
294,5564,45,7.5
295,975,15,7.2
296,2499,45,5.8
1720,4386,30,8.5
298,7511,50,7.2
299,2945,50,5.7
300,3809,40,4.2
301,1278,40,9.6
302,8864,25,9.6
303,5074,45,5.3
304,3701,85,4.5
305,5382,35,5.3
323,6836,60,4.9
1798,4320,40,4.3
306,8526,85,4.7
307,530,95,8.9
308,3366,80,3.9
309,2964,70,5.3
310,1438,50,1
311,6033,65,6.4
312,5708,150,9.6
313,4861,40,5.7
324,8845,35,6.3
325,7630,65,7.6
314,7664,60,2.4
315,2792,35,9.7
316,5433,40,6.7
317,636,95,4.6
318,7463,45,3.5
319,6212,90,5.4
320,6857,55,3.1
321,8635,30,1.1
322,5519,35,3.4
2259,6972,95,8.3
327,2292,85,7.9
328,9515,20,4.1
329,9597,55,8.6
330,5996,50,5.5
331,6838,50,7.2
332,502,50,3.2
333,3377,95,3.3
334,7377,45,7.2
335,9277,40,2.2
336,4817,50,8.3
337,8452,100,3.1
1721,585,65,3.2
338,617,30,9.5
339,6014,35,1
340,9803,25,3.9
341,8129,60,5.5
342,4815,60,1.3
343,6558,60,4.8
344,6159,60,4.5
345,4035,60,4.5
346,9193,80,2.3
1722,8857,45,8.5
347,5034,65,9.9
348,5901,60,5.1
349,6760,35,7.9
350,5946,35,3.2
351,6333,40,2.8
352,5552,40,7.3
353,1064,30,4.8
354,5496,45,7.2
355,6621,30,4.7
356,7899,60,4.9
357,8123,25,6.5
358,6460,50,9.9
359,1342,45,6.9
360,9890,70,8.4
361,8691,95,7.1
362,3970,60,5.8
363,7139,25,2.9
364,5475,100,1.3
365,5129,30,7.9
366,2370,40,3
367,6843,30,8.9
376,6560,15,3.6
368,5000,20,5.2
369,1225,35,9.4
370,8434,35,5.2
371,9907,90,9
372,6927,60,2.6
373,6201,75,8.1
374,3098,35,6.6
375,3243,65,4.4
387,3749,95,8.3
377,4267,45,8.3
378,9484,80,8.7
379,5200,50,5
380,3996,40,7.5
381,9994,65,7.7
382,1314,45,2.9
383,1929,35,5.9
384,4856,90,3
385,1478,60,1.7
386,1399,50,2.4
2119,4631,85,2.7
388,986,75,3.2
389,8293,60,9.2
390,9452,50,6.7
391,2452,70,5.5
392,8118,60,8.8
393,4049,65,7.1
394,4991,40,6.5
395,7692,35,2.7
396,7940,40,5.2
397,6216,60,7.9
398,4744,60,2
399,9328,135,6.8
400,7359,105,4.7
401,6110,105,5.5
402,9290,85,5.6
403,292,110,2
405,9360,45,6.3
406,3516,35,7.8
407,941,45,6.6
408,4361,65,8.6
409,3040,170,7.9
410,3836,50,5.5
411,2470,30,3.4
412,2904,40,1.8
413,4303,35,6.7
414,6028,75,4.2
415,3940,85,9.2
416,8626,90,5.6
2315,5072,100,4.2
417,8148,125,1.4
418,2062,75,6.7
419,763,80,8.8
420,3368,40,1.6
421,6081,90,3.3
422,8122,65,3.5
423,8805,55,1.1
424,4551,70,2
425,6488,75,8.1
426,8915,50,7.2
427,7337,50,7.2
428,9046,60,7.4
429,54,35,1.3
430,4681,90,8.6
431,3857,40,6.6
432,7847,45,5.6
433,8748,45,7.5
434,5195,120,7.6
466,8483,30,9.9
435,5489,30,6.9
436,741,75,5.4
437,4005,15,1.5
438,799,85,1.9
439,3532,70,3.9
440,7489,45,1.9
441,1079,30,9.3
442,2569,160,3.7
443,5989,75,4.3
444,9426,90,1.7
445,4787,145,2.6
857,423,50,9.7
446,4573,90,4
447,8133,105,2.7
448,3887,60,2.1
449,7457,85,7.2
450,4552,35,5.4
451,407,40,6.8
452,6356,35,4.1
453,2699,95,1.2
454,3153,40,8.2
455,5428,20,3.7
456,2343,50,5.8
457,1576,55,7.1
458,6025,35,1.9
459,6739,50,6.2
460,8640,60,5.1
461,7455,55,7.6
462,2906,95,2.5
463,6164,75,6.8
464,7255,15,1.3
465,9923,105,4.5
840,729,35,5.2
467,2243,70,5.7
468,6473,40,8.1
469,1411,50,2.2
470,3962,130,9.3
471,6823,65,8.4
472,3926,265,4.9
473,2314,45,4.7
474,3117,35,9.9
475,729,150,6.8
476,8299,45,7.6
477,1438,50,2.8
478,6198,90,9.5
479,4486,25,4.3
480,4555,25,6.1
481,3033,90,8.1
482,436,30,5
483,3036,105,3.2
484,5961,55,7.8
523,6568,35,9.6
485,6714,25,7.2
486,6164,80,6
487,4895,115,9.4
488,6359,80,1.6
489,6359,50,2.2
490,7683,75,2.2
491,9399,35,3.2
492,6295,40,7.9
493,8577,45,7.3
552,3169,55,7.3
494,495,85,4.2
495,3922,85,5.6
496,5614,85,2.2
497,904,85,6.6
513,6638,35,1.1
498,8827,85,5.7
499,8192,40,3.1
500,887,40,5.4
501,5279,45,1.6
502,5244,45,2.6
503,3522,55,2.8
504,4478,55,6.7
514,5821,60,6.3
515,815,80,2.8
505,8837,80,9
506,5556,85,5.5
507,2161,75,9.6
508,9880,30,5.6
509,461,75,9.9
510,6926,80,2.4
511,3570,25,9.5
512,606,90,7
516,1128,50,7.8
553,4944,50,2.6
517,5608,75,4.5
518,7624,55,7.5
519,2585,50,6.2
520,5976,50,6.9
521,7819,110,3.1
522,3567,65,5.7
858,7121,20,8.9
524,6680,25,9.8
525,5313,115,1.6
526,2510,100,9.9
527,9712,35,3
528,6032,45,9.7
529,597,95,6.5
530,2462,60,9.1
531,3986,80,3.4
532,6266,25,5.1
2374,7523,60,5.5
533,2659,55,3
534,7284,90,9.7
535,660,80,5.6
536,9227,75,9.3
537,6604,45,8.4
538,5183,40,1.3
539,4630,45,4.7
540,246,55,6
551,7050,65,6
541,7869,40,4.2
542,1156,40,2.7
543,276,100,4.9
544,6074,40,3.8
545,4512,120,5
546,1432,45,3.3
547,7179,30,6.4
548,9521,30,7.8
549,4572,80,7.1
550,8906,35,6.7
859,7817,5,3.5
554,4987,75,6.6
555,931,55,9.3
556,770,145,6.9
557,2603,40,5.3
558,5872,50,2.2
559,8561,75,2.1
560,6101,85,7.7
568,4185,30,6.1
561,5841,20,6.5
562,307,35,8.8
563,5889,55,9.7
564,3602,45,1.9
565,3113,85,6.1
566,7688,80,1.1
567,2886,70,2.5
1528,3075,25,8.4
569,5077,35,6.1
570,6487,35,4
571,7496,55,2.6
572,8863,40,3
573,1695,85,8.9
574,1242,45,8
575,8450,75,1.9
1723,1810,120,9.9
576,781,40,3.5
577,2671,80,2.3
578,274,80,5.1
579,3364,80,5.9
580,6389,80,4
581,3249,80,5.6
582,9714,30,9
1724,9951,30,2.8
583,1414,15,4.3
584,4040,55,7.1
585,6574,40,7.3
586,5503,90,8.8
587,7618,55,4.6
588,4806,45,4
589,8771,90,6.7
1725,1410,85,3.9
590,3107,35,1.1
591,3802,60,1.7
592,5755,25,9.3
593,4498,90,9.9
594,9846,30,2.5
595,3984,90,8.1
596,5892,40,7.1
1726,6061,35,1.8
597,7932,45,6.7
598,4157,20,9.9
599,1668,50,4.2
600,1855,85,9.3
601,2053,55,7.1
602,7090,70,2.4
603,3080,45,5.3
604,2242,80,7.2
605,5967,65,8.4
1727,6277,95,7.6
606,6780,60,9.6
607,3663,20,5.6
608,9354,20,2.5
609,8310,65,7.1
610,8227,35,4.1
611,5721,90,9.8
612,682,50,7.6
613,997,45,8.9
629,5323,25,2.9
614,6654,50,4.3
615,2720,45,8.9
616,2499,25,9.8
617,2398,60,2.5
618,1351,40,7.9
619,2256,90,3.9
620,4210,25,9.1
1728,3466,45,8.9
621,6667,55,2.4
622,2655,55,4.7
623,4603,30,5.2
624,1112,40,8.1
625,9623,55,6
626,5121,90,3
627,9978,120,9.1
628,2720,35,8.9
630,2067,55,4.4
631,2095,60,7.1
632,2895,45,2.7
633,8678,90,9.3
634,9041,20,5.1
635,813,105,6
636,3517,60,9
637,4517,65,2.6
1729,4749,75,7.3
638,1589,50,7.1
639,4050,75,6
640,3652,70,2.3
641,9366,20,4.4
642,8671,30,4.4
643,9252,15,6
644,9652,35,6.6
645,1758,15,9
646,3521,65,5.4
647,6216,25,1.8
648,4906,60,2.7
649,4467,30,3.1
650,2225,35,1
651,9166,45,2.5
652,8483,65,7.4
653,9745,85,5.3
654,118,30,5.8
655,8247,40,1.7
656,7514,60,1.4
664,2575,105,5.7
1730,5057,45,7.1
657,8080,110,9.6
658,638,40,6.7
659,107,20,9.4
660,7773,40,1.8
661,9764,80,8.2
662,1120,75,9
663,1959,45,7.2
665,6969,40,4.6
1731,4428,25,6.2
666,1855,65,8.5
667,5284,35,5.7
668,4587,35,3.3
669,5830,50,7.6
670,8290,75,6.8
671,6755,70,8.7
672,4664,55,3.4
673,2077,35,4.5
1732,1716,130,8.6
674,1312,85,5.5
675,7478,65,2.9
676,716,55,8.4
677,9976,35,9.3
678,1412,110,3
679,3058,75,1.5
680,8690,65,3
681,8637,65,3.9
682,7932,25,2.7
1733,7155,70,7.2
1734,1159,60,5.2
683,6286,75,8.1
684,3905,45,9
685,7218,30,1.5
686,5370,70,3.1
687,4697,100,5.3
688,4323,80,6.2
695,5223,30,2.9
1735,8273,165,5.2
2400,7116,50,5
689,2252,60,2.6
690,6107,125,6.1
691,8893,35,5.1
692,508,55,2.1
693,6281,90,2.3
694,1746,55,5.5
696,2828,55,9.7
1736,5634,85,9.2
697,5220,130,9.6
698,4894,85,3.7
699,116,45,8.5
700,2832,50,6.8
701,9513,85,6.4
702,9319,65,7.3
719,5448,55,6.1
1829,4467,65,3.3
703,3214,75,9.6
704,5736,110,1.7
705,6993,80,5.1
706,5592,35,1.3
707,6766,35,9.4
708,6954,40,2.1
709,9868,20,5.1
710,5095,90,5.1
711,172,55,4.4
712,7233,65,3.7
713,877,25,7.4
714,6071,70,1.4
715,8645,35,1.9
716,378,60,1.1
717,1715,35,3.1
718,2144,90,6.3
1737,2746,80,3.6
720,5752,35,7.5
721,9176,40,4.1
722,6054,85,7.4
723,2199,65,4.1
724,1935,20,3.8
725,5306,45,2.4
726,4871,70,6.7
727,4765,60,5
1738,163,55,4.5
728,9344,20,3
729,3895,65,6.5
730,689,75,4
731,6947,65,8.7
732,3670,20,5.1
733,8738,25,8.3
734,314,40,8.5
735,5619,25,7.6
736,9795,40,2.7
745,8751,45,2.8
1739,6618,75,2.4
737,2888,30,3.4
738,9011,40,3.5
739,3096,55,4.6
740,755,90,1.2
741,2624,40,3
742,9017,40,5.4
743,5872,75,5.5
744,373,55,4.6
746,835,25,2.3
747,36,75,5.8
748,3474,95,7.1
749,2883,25,9.5
750,6857,60,8.3
751,614,70,7.3
752,4600,30,6.7
753,5274,65,7.6
1740,5299,35,7.2
1741,4377,20,4.4
754,9098,60,2.2
755,7799,85,1.6
756,6292,70,5.7
757,9427,20,1.9
758,2807,65,9
759,2870,15,8.4
760,3715,25,4.4
761,2118,15,5
770,5582,65,9.2
1742,4288,60,4.6
762,5426,45,9
763,7235,50,1.3
764,9073,35,6.6
765,8898,40,4.8
766,4353,55,3.4
767,6290,30,5.8
768,6627,20,1.7
769,7153,15,5.8
1743,781,30,1.9
771,9914,65,6.6
772,4090,35,2.6
773,1448,90,3.3
774,9097,40,6.8
775,496,85,4.7
776,892,70,1.5
777,8641,55,5.3
778,5693,50,3.4
779,3643,35,7
1744,9284,50,6
780,6749,30,5.1
781,5532,50,9.1
782,3072,55,1.8
783,6713,115,3.8
784,8122,70,2.7
785,300,70,7
786,2829,50,5.7
802,8113,100,5.8
1745,3383,70,1.5
787,7131,35,1
788,8933,60,5.9
789,2821,40,8.8
790,6404,35,3.9
791,8258,35,8.4
792,1093,70,6.1
793,5815,50,8
794,1729,55,2.4
795,2645,80,8.2
1746,1452,70,3.2
2919,7417,85,4.1
796,2555,30,1.5
797,4287,55,6.7
798,8194,50,6.5
799,9039,75,8.1
800,3205,75,4
801,2070,65,4.3
860,9471,65,3
803,5931,35,4.3
804,5196,75,5.7
805,8353,65,5.8
806,4728,60,5.1
807,458,45,4.1
808,3646,105,8.6
1747,390,95,7.7
809,4804,50,8.2
810,7785,60,9.4
811,9735,45,5.5
812,1222,25,7.6
813,6368,50,1.1
814,6413,25,5.5
815,9199,10,3.5
816,9920,60,9.5
817,2728,30,3
1748,4023,90,7.9
1749,7015,45,3.1
818,5743,35,1.4
819,8186,130,2.1
820,3198,130,8.6
821,3371,130,1.1
822,4352,235,7.1
823,888,230,8.2
824,8128,160,2
831,1618,65,3.1
1750,888,50,3.8
825,8966,230,3.8
826,5465,150,3.8
827,7371,80,9
828,6664,85,4.2
829,9086,90,6.1
830,775,80,5.3
832,7336,55,1.3
833,9644,50,2.8
834,9009,45,7.3
835,5132,20,5.2
836,7257,40,2.7
837,3600,55,6
838,743,40,4.5
839,97,45,6
1751,9984,60,2
841,6136,55,7.4
842,6948,20,5.5
843,7737,70,7.9
844,6070,45,5.7
845,480,70,1.4
846,766,60,7.6
855,7676,20,8.1
847,4284,75,7.1
848,4405,10,8.9
849,8704,85,2.4
850,9560,140,2.6
851,589,10,4.9
852,6539,35,7.1
853,3636,90,6.1
854,4241,80,4.6
861,7830,60,8.7
862,8586,30,6
863,3413,105,7.5
864,8561,55,4.6
865,5726,40,5.1
866,7764,120,3.6
1091,502,45,10
867,5946,55,8.5
868,244,55,6.3
869,7193,105,5.8
870,4658,55,4.3
871,6053,35,5.6
872,7796,55,4.5
873,2895,35,1.8
1752,1401,125,1.5
874,8531,75,1.9
875,8672,55,2.2
876,162,35,5.8
877,5559,30,9.1
878,8920,50,8
879,7695,20,3.2
880,7228,40,7.8
881,4835,55,9.1
1753,4868,45,9.3
882,6029,55,8.1
883,2761,55,8.2
884,8075,50,7.7
885,209,45,2.7
886,5474,105,9.7
887,3825,75,2.3
888,5909,30,5.2
889,1433,35,8.9
890,3728,45,3.8
898,8812,80,6.4
891,3834,50,6.2
892,1748,75,8.8
893,101,40,4
894,2384,35,2.7
895,9707,80,2.8
896,2800,55,3.4
897,9512,95,6.8
899,3091,55,1.3
900,6087,45,1.7
901,9987,55,3.7
902,9778,80,1.4
903,211,65,4.4
904,8269,30,8.3
905,3255,65,1.6
906,3789,105,7.8
907,4050,20,3.2
1754,7862,95,4.8
908,7244,45,1.2
909,2219,95,1.4
910,4419,50,5.4
911,2575,80,2.1
912,6163,75,8
913,3549,20,7.3
937,9688,60,6.5
914,2196,15,9.4
915,8529,55,4.2
916,6034,50,4.9
917,8417,50,3.3
918,298,35,1.4
919,9696,70,2.5
920,7918,75,3.3
929,5500,55,6.3
3035,7699,30,2.5
921,5867,105,2.8
922,8692,50,3.2
923,4909,80,5.5
924,9993,50,2.2
925,850,55,8.8
926,2267,60,8
927,9700,45,7.9
928,7078,65,2.2
1755,3138,40,1.8
1756,8049,60,6.1
930,5608,80,8.7
931,7853,25,9.1
932,999,15,2.9
933,3719,30,6.5
934,7170,30,5.2
935,137,90,7.4
936,873,85,5.7
938,264,35,2.5
939,8007,25,6.4
940,8994,45,5.6
941,7260,80,9.1
942,6306,40,9.2
943,4164,45,3.7
944,9582,75,2.4
945,3956,45,4.9
1757,605,65,2.4
1758,7,60,4.3
946,2123,65,7.2
947,7269,45,4.9
948,2675,10,5.7
949,7921,65,1.7
950,3294,70,8.6
951,7812,35,9.2
952,8393,55,2.8
953,8975,35,8.8
1759,4442,55,5
954,4513,55,8.2
955,8307,45,8.8
956,2245,35,5.5
957,8134,55,3.2
958,1113,30,1.8
959,7482,40,9.2
967,7414,35,7.7
1760,882,55,2.4
960,3259,50,6.8
961,9210,65,6
962,4430,110,5.4
963,5762,15,8
964,5774,55,5.2
965,7815,40,1.9
966,7582,40,2.1
1006,4957,105,1.2
968,5883,50,5.7
969,3731,35,6.3
970,4356,95,4.1
971,9207,110,7.5
972,9120,40,1.3
973,5553,70,7.7
974,1279,95,4
982,4476,50,3.4
1761,6069,25,9.5
975,9599,95,7.4
976,3057,20,6.7
977,2777,75,5.5
978,8748,55,4.7
979,2741,110,6.8
980,36,25,5.7
981,6474,55,1.1
983,3309,35,2.9
984,6814,95,2.2
985,3030,85,1.1
986,7539,90,8.7
987,7998,45,5
988,8805,45,3.4
997,7405,45,2.8
989,3218,50,1.4
990,4813,60,5
991,3142,70,8.6
992,8237,45,6.2
993,2309,70,2.2
994,6886,75,1.1
995,4560,40,8.9
996,4544,115,6.3
998,5918,20,2.8
999,4403,35,4.9
1000,9414,55,8.8
1001,9824,30,5.2
1002,8876,40,6.5
1003,8307,60,4.8
1004,9371,30,4.4
1005,992,20,5.2
2120,1130,85,7.7
1007,8035,55,3.8
1008,4635,45,1.8
1009,647,20,6.8
1010,6361,65,5.8
1011,6112,50,8.9
1012,2277,75,5.8
1013,2027,75,6.8
1022,3155,110,5.8
1014,3500,60,3.5
1015,7226,35,7.8
1016,111,85,2.1
1017,9522,80,4.5
1018,4877,105,6.3
1019,789,50,1.1
1020,602,60,1.6
1021,6547,65,6.3
1023,2832,70,9.7
1024,5341,50,8.2
1025,9376,30,8
1026,8788,100,3.9
1027,4681,65,1.8
1028,7196,65,7.4
1042,6898,25,2.2
2226,378,150,1.9
1029,9162,65,4.3
1030,3974,25,7.1
1031,6236,95,2
1032,5068,50,7.7
1033,8636,60,3.6
1034,1366,65,6.2
1049,7138,45,9.8
1762,9541,60,9.9
1035,7247,60,9
1036,7470,35,1.1
1037,27,30,1.5
1038,6578,40,8.2
1039,161,35,2.8
1040,4550,80,6.8
1041,3456,100,1.5
1763,4390,50,6.5
1043,947,55,1.1
1044,6797,55,3
1045,9509,55,4.1
1046,3708,30,2.5
1047,9782,70,8.7
1048,2641,35,4.3
1587,8379,45,4.4
1050,2996,70,4.6
1051,1453,35,3.3
1052,6585,110,9.5
1053,1621,60,4.3
1054,8697,45,7.9
1055,4873,55,7.4
1056,7333,35,9.1
1057,9119,25,6.4
1764,5494,25,5.9
1058,9637,50,6.2
1059,5331,35,5.6
1060,5587,65,4.1
1061,8784,15,1.4
1062,4619,55,5.4
1063,310,55,4
1064,1390,50,4.7
1602,411,80,7.6
1065,1995,25,7
1066,9578,35,7.9
1067,7544,45,3.5
1068,8942,40,4.9
1069,5531,40,4.5
1070,9984,100,8.6
1071,5344,50,6.4
1072,4711,45,8
1765,4875,45,8.6
1073,9870,35,2.6
1074,4291,60,9.2
1075,1106,35,9.7
1076,1988,65,2.3
1077,3574,85,4.5
1078,7194,35,7.7
1079,81,65,5.4
1080,6291,60,4.8
1081,4641,80,5.1
1082,9232,35,6.7
1090,8439,80,1.7
1083,9270,70,3.5
1084,3962,70,5.5
1085,2170,50,4.3
1086,9221,80,9.3
1087,8771,60,8.9
1088,9326,50,3.8
1089,2000,90,8.4
1766,380,70,2.1
1092,1357,70,6.8
1093,50,30,4.7
1094,8490,45,5.8
1095,7374,60,2
1096,6240,145,4.5
1097,4275,135,2.2
1098,8057,60,6.1
1099,4339,40,3.6
1767,1308,70,7.7
1768,6468,40,1.8
1100,1596,20,9.8
1101,7271,55,5.5
1102,6512,75,7.7
1103,3868,20,4.3
1104,2328,40,4.3
1105,8994,65,9.5
1106,309,15,8.9
1830,6556,95,2.2
1107,1183,90,3.5
1108,2557,80,4.1
1109,2172,60,6.7
1110,3004,70,2
1111,2218,40,8
1112,8994,75,5.4
1113,2785,80,8.3
1831,1487,60,5.5
1114,7069,50,8.3
1115,2954,15,5.2
1116,9100,70,7.7
1117,5903,30,2.7
1118,8677,45,1.8
1119,613,35,5.9
1120,9863,85,8
1121,8194,40,1.4
1122,6258,95,8.7
1123,6715,95,8.7
1861,4135,35,2.2
1124,895,60,4.7
1125,1702,85,7.7
1126,7148,80,8.6
1127,3384,40,1.8
1128,8575,60,4.8
1129,765,55,3.4
1130,7532,65,6.1
1131,7661,20,6
1132,142,130,8
1133,6023,60,8.4
1188,429,35,3.4
1134,3426,50,5.7
1135,1906,80,7.7
1136,6361,65,6.7
1137,3890,20,3.9
1138,1387,35,4
1139,2149,75,4.6
1140,7692,140,8.6
1141,3172,45,5.6
1142,9961,40,2
1143,3282,40,5.6
1144,6485,20,6.8
1145,96,45,5.7
1146,5194,30,3.3
1147,9400,40,7.2
1148,4148,80,9.5
1206,4083,40,3.1
1149,7205,50,1.8
1150,5449,45,7.3
1151,3576,25,5.4
1152,4165,45,2.5
1153,943,25,8.8
1154,256,50,7.9
1155,4768,105,7
1156,1351,60,1.7
1157,9918,40,1.5
1158,3605,60,4.2
1159,6078,45,9.6
1160,7875,85,1.3
1161,3192,70,4.5
1162,3557,45,9.8
1163,1028,40,4.4
1164,5929,50,4.6
1165,2719,30,8.8
1166,4180,40,3.4
1167,7966,115,3.5
1168,4013,15,2
1169,3997,50,2.5
1170,7974,30,1.9
1171,9705,65,8.5
1172,4511,40,8.6
1173,7116,40,6.6
1174,6976,15,2.9
1175,6356,80,1.7
1176,770,85,7.8
1177,1981,50,8.8
1178,2207,70,6.9
1179,5922,40,6
1180,6566,90,8.9
1181,9225,15,1.6
1182,4969,75,3.2
1183,8960,55,7.8
1184,5192,105,2
1185,9835,85,5.1
1186,6615,50,7.7
1187,4767,60,4.7
1189,1995,45,8.1
1190,3858,20,8.4
1191,9432,40,1.7
1192,5950,35,3.3
1193,557,65,7.7
1194,5451,100,6.5
1195,4179,45,7.1
1196,5596,35,2.9
1197,6740,85,3.5
1216,3086,85,1.8
1198,8104,45,4.8
1199,6192,35,10
1200,936,65,1.6
1201,3397,100,7.2
1202,2589,70,6.6
1203,6143,65,2.3
1204,950,30,9.1
1205,5108,105,2.7
1769,797,100,7.8
1207,325,40,5.6
1208,230,95,7.1
1209,1761,40,2.5
1210,7966,65,3.7
1211,1461,95,1
1212,4615,90,8.2
1213,638,115,4.8
1214,6954,45,9.5
1215,1166,35,2.4
1217,6576,25,1.9
1218,5560,70,9.6
1219,8599,35,2.2
1220,5591,40,8.3
1221,7112,60,4.1
1222,9613,35,6.4
1223,3730,70,4.5
1224,6110,70,4.6
1258,1551,25,9
1225,5732,50,4.8
1226,5102,80,9.7
1227,2669,115,9.5
1228,1538,50,9.6
1229,6845,55,7.9
1230,7118,75,7.4
1231,2632,70,8.9
1232,6047,90,9.9
1233,2644,50,1.9
1292,8492,50,9.6
1234,5504,145,9.9
1235,9689,35,7.9
1236,7171,40,2.9
1237,6140,35,7.1
1238,8695,65,8.3
1239,8686,60,8.2
1240,7930,85,4
1241,1204,130,5.7
1770,4431,45,2.4
1242,4865,55,9.7
1243,172,25,2.2
1244,8591,45,5.6
1245,5212,75,9.5
1246,3815,65,1.9
1247,5593,170,7.5
1248,4856,30,3.9
1249,5957,70,10
1303,456,60,2.1
1250,7568,60,4.4
1251,6087,50,8.6
1252,2246,70,3.3
1253,7309,75,7
1254,6121,105,9.4
1255,5075,40,3.7
1256,157,45,9
1257,6502,35,8
1771,9884,40,8.1
1259,9665,50,1
1260,3307,20,3.7
1261,8204,50,2.8
1262,8622,35,9
1263,1202,50,6.9
1264,5970,45,2.3
1265,6053,30,6.2
1266,8473,75,3.5
1267,360,20,8.7
1268,9795,90,1.1
1772,3370,95,8.4
1269,7117,80,6.1
1270,8253,50,9.4
1271,1549,60,7.4
1272,7437,55,4.9
1273,6399,85,6.2
1274,1606,55,8.2
1275,999,35,7
1304,9871,70,3.8
1773,4234,50,10
1276,3084,60,5.6
1277,3850,50,7.9
1278,2945,40,6.3
1279,9804,110,8.6
1280,7123,60,6.4
1281,1713,40,4.1
1282,7403,50,8
1283,8723,45,2.8
1774,6994,75,7
1990,636,60,9.5
1284,4226,85,5.4
1285,8641,45,8.9
1286,2561,45,7.9
1287,1778,30,6.3
1288,5641,65,1.7
1289,1627,70,1.7
1290,9289,85,7.5
1291,9677,90,7
1329,6797,40,5.9
1293,3689,65,9.2
1294,9690,75,9.3
1295,5492,45,3.9
1296,9834,50,2.6
1297,5037,50,1.6
1298,3293,110,5
1299,7805,80,1.3
1300,6875,70,9.3
1301,7663,75,3
1302,7908,70,9.9
1305,2288,100,7.8
1306,6523,55,9.8
1307,4446,90,9.1
1308,7905,80,3.2
1309,6858,90,1.6
1310,4616,100,4
1311,3494,20,2.1
1312,9494,35,7.9
1775,2382,80,3.1
1313,9724,50,5.6
1314,6660,30,4.2
1315,1568,85,6.5
1316,3489,60,6.7
1317,9931,25,4.1
1318,707,40,9
1319,7774,50,8.5
1320,7040,35,7.6
1321,9833,20,9.7
1322,9968,30,7.7
1323,9636,40,9.7
1324,9551,35,5.5
1325,8860,45,4.4
1326,3866,30,5.4
1327,1453,80,3.4
1328,7874,30,3.6
1776,4821,40,9.2
1777,4244,50,4.4
1330,1615,65,7.4
1331,5910,45,2.8
1332,1735,70,2.5
1333,9193,50,1.4
1334,2503,30,4.2
1335,2532,15,1.3
1336,8225,60,5
1778,3632,95,6.3
1779,83,20,5.9
1337,6205,20,7.6
1338,7807,60,6.8
1339,4837,75,5.2
1340,4381,55,3.8
1341,7247,80,6.5
1342,1048,65,5.7
1343,5239,35,2.6
1344,2117,30,5.2
1780,4558,80,9.6
1345,6710,35,7.2
1346,6729,30,5.4
1347,1474,70,1
1348,2504,95,4.5
1349,6200,85,2.8
1350,9927,30,9.4
1351,1592,65,6.5
1352,2540,135,5.4
1781,7688,45,3.6
1353,9511,50,8.5
1354,6943,110,1.4
1355,2188,80,7.3
1356,9307,85,2.5
1357,1107,55,2.4
1358,865,15,8.3
1359,4008,55,5.1
1782,5991,45,7.3
1783,7423,30,4.7
1360,1993,45,2.6
1361,8881,95,1.6
1362,4942,50,5.5
1363,5485,50,1.2
1364,6695,65,9.1
1365,6303,45,3.2
1366,4056,25,7.9
1367,437,50,4.6
1368,7393,50,7.7
1369,1800,15,1.3
1618,251,65,4.8
1370,8563,45,4.4
1371,4572,50,5.6
1372,6653,60,7.5
1373,9707,50,2.6
1374,5460,15,4.7
1375,7570,95,3.2
1376,7272,20,9.4
1377,4324,20,2.9
1378,3393,35,2.1
1388,1783,90,1.4
1784,9873,165,6.9
1379,7715,55,3.9
1380,4411,115,4.1
1381,1578,30,6
1382,8023,60,1.4
1383,2844,55,3.9
1384,5400,35,1.4
1385,9456,70,4.2
1386,7642,85,9.4
1387,3623,100,3.1
1389,1716,60,10
1390,6959,75,9.2
1391,3353,40,2.3
1392,8555,80,6.2
1393,5509,45,1.9
1394,837,40,8.3
1395,6458,50,4.6
1396,6659,30,1.1
1785,3691,20,6.5
1398,6794,55,4.6
1399,7940,25,3.7
1400,5067,55,8.5
1401,9202,15,8.4
1402,6982,40,5.5
1403,8102,70,1.2
1404,5042,145,1.6
1405,5402,30,8.9
1406,2396,115,1.9
1407,1066,75,3.4
1408,5602,105,3.1
1409,5517,25,6.7
1410,5281,50,3.7
1411,2021,20,7.3
1412,4170,140,5.1
1413,2832,80,4
1414,298,70,2.5
1415,3796,50,6.6
1424,9828,40,8
1433,7951,50,4.6
1416,4903,30,7.6
1417,2117,25,2.6
1418,1073,25,9.4
1419,1383,60,7.3
1420,4755,35,6.3
1421,1421,55,3.3
1422,9761,85,9.2
1423,9795,60,3.1
2227,1989,90,7
1425,3217,25,8.9
1426,1286,100,5.4
1427,6642,60,1.6
1428,9835,130,8.4
1429,730,20,4.7
1430,6172,40,2.2
1431,6869,40,8.6
1432,3118,100,7.9
1786,4849,25,9.5
1434,7518,85,9.9
1435,5430,90,8.3
1436,4880,50,10
1437,2500,55,7.1
1438,8453,35,3.3
1439,8580,45,3.6
1440,8596,25,8.5
1475,6703,55,3.6
1441,5051,45,7.4
1442,7384,45,6
1443,5548,65,6.5
1444,8128,25,7.8
1445,9122,50,5
1446,9919,35,4.7
1447,4432,65,2.6
1448,6004,40,4.6
1449,6852,45,8
1457,7962,40,9.3
1787,4717,70,2
1788,4853,25,4.2
1450,3858,85,6.5
1451,8254,90,2.9
1452,8213,70,8.9
1453,2938,20,8.9
1454,8526,20,6.3
1455,4877,75,9.9
1456,8154,55,8.3
1789,8076,65,2.2
1790,2648,15,4.4
1458,5098,50,5.6
1459,3246,45,4.2
1460,6084,20,8
1461,3606,40,3.3
1462,4270,60,3
1463,5972,40,3.9
1464,4466,25,9
1465,6446,60,4.8
1466,3146,70,5.9
1467,4191,25,9.8
1468,1957,40,1.1
1469,4476,10,8.5
1470,363,15,3.9
1471,120,45,3.7
1472,5397,45,5.8
1473,8459,80,9.2
1474,3417,30,6.2
1476,9996,25,7.5
1477,5261,45,1.1
1478,9324,40,1.5
1479,2543,75,5.5
1480,5928,50,1.8
1481,9864,15,1.5
1482,9332,55,3.6
1791,291,170,4
1483,4519,70,2.1
1484,4674,75,7.8
1485,1442,50,9.5
1486,7786,30,2
1487,7289,35,9.9
1488,4151,50,8.8
1489,8617,90,2.7
1490,3120,25,2.2
1491,8352,150,3.5
1492,1743,55,8.4
1493,8268,35,8.2
1494,3922,45,7.3
1495,1165,55,5
1496,6142,55,9.3
1497,4457,60,9.9
1504,7242,55,8.8
1498,7509,75,8.7
1499,7478,45,4.1
1500,4470,75,3
1501,3164,45,7.2
1502,5166,55,8.9
1503,3277,65,5
1505,3365,100,6
1636,5804,50,9
1506,2321,35,5.3
1507,9565,40,9.4
1508,2600,85,7.8
1509,5941,95,7.2
1510,4676,40,4.3
1511,2396,50,5.4
1512,1889,50,4.2
1513,3232,60,3.6
1514,2447,40,9.4
1515,2668,80,7.4
1516,2393,80,8.8
1517,215,60,5.7
1518,3310,115,3.2
1527,3876,30,5.7
1792,8837,95,1.3
1519,3614,25,5.7
1520,8987,50,6.2
1521,2819,90,5.1
1522,5681,45,5.7
1523,5130,55,3.9
1524,7082,50,4.2
1525,5616,65,9.8
1526,5035,75,7.5
1529,9648,35,5.9
1530,839,65,7
1531,399,100,3.3
1532,3881,60,2.3
1533,1443,75,5.3
1534,6671,20,1.3
1535,6184,70,1.1
1793,8786,110,9.3
1794,6704,20,1.3
1536,6754,55,5.9
1537,8519,25,1.4
1538,7698,30,4.6
1539,2915,40,1.4
1540,7186,45,7.7
1541,2747,25,4.9
1542,5759,95,3.3
1543,7347,55,10
1544,7283,40,1.3
1637,1087,45,5.5
1545,2613,120,3.6
1546,5961,75,9.4
1547,6962,110,1
1548,1778,35,2.9
1549,7918,60,2.8
1550,2158,55,7.6
1551,4857,25,3.2
1552,1626,40,2.5
1553,4370,50,6.1
1554,4578,55,9.8
1555,4776,85,5.5
1556,4984,35,2.2
1557,8063,50,9.2
1558,1281,15,5.1
1559,92,35,1.9
1560,2525,45,1.3
1561,3672,95,5
1562,4927,45,1.9
1698,9537,75,8.6
1563,9038,70,7.5
1564,1296,95,7.3
1565,7144,45,8.4
1566,27,50,9.5
1567,2990,60,7
1568,5506,80,2.8
1569,6100,50,9.5
1570,9906,90,8.4
1571,1920,75,3.9
1572,5112,55,9.7
1573,4882,85,2.6
1574,887,95,4.9
1575,468,50,6.2
1576,3179,85,8.4
1577,6305,30,9
1578,6092,65,9
1579,9699,50,2.3
1699,7917,50,2.8
1580,3446,60,8.5
1581,2186,40,4
1582,3356,110,8.6
1583,1605,105,7.9
1584,6551,110,9.4
1585,3636,60,2.8
1586,8102,85,2.3
1700,4447,35,2.8
1588,887,105,5.5
1589,4087,60,9.6
1590,8400,50,8.5
1591,465,70,7.7
1592,7614,60,2.2
1593,9994,60,5.7
1594,9740,70,8
1701,9485,80,1.4
1595,4533,110,5.5
1596,208,95,4
1597,5328,15,4.6
1598,3661,35,5.5
1599,1957,70,7
1600,2372,55,7.1
1601,9799,45,8.8
1795,820,75,7.6
1603,3945,55,4.8
1604,846,30,1.4
1605,5534,15,7.5
1606,4014,85,4
1607,411,65,5.6
1608,7905,50,6.7
1609,6054,85,2
1610,6760,45,7.7
1702,3443,90,6
1611,5464,115,6.2
1612,1758,25,8.5
1613,1374,130,1.5
1614,8373,25,6.2
1615,6649,35,1.6
1616,1538,25,4.4
1617,1770,60,7.4
1703,6017,20,8.5
1704,5653,45,8
1619,1973,120,5.5
1620,4515,90,6.2
1621,157,30,7.5
1622,1905,25,5.7
1623,8020,115,2.2
1624,9878,20,6.6
1625,2891,75,4.8
1705,1558,50,3.8
1706,4310,75,8.9
1707,8888,60,3.9
1626,9800,60,9.7
1627,8899,25,2.9
1628,7174,30,3.8
1629,7883,25,4.2
1630,3862,50,7.6
1631,334,85,6.6
1632,3111,50,7.5
1633,4222,145,1.4
1634,5637,100,6.9
1635,9572,40,3.8
1708,8859,55,8.3
1638,713,55,6.4
1639,5334,40,1.9
1640,8772,90,6.8
1641,5461,40,5.5
1642,5219,95,9.6
1643,1935,35,2.1
1644,4070,50,8.7
1645,7426,30,8.4
1796,3901,50,8.7
1646,4032,55,3.4
1647,3180,50,2.2
1648,6929,55,4.6
1649,3106,45,4.1
1650,1337,20,2.4
1651,990,70,8.8
1652,7205,60,2.6
1653,8936,85,6.4
1654,3504,120,5.7
1655,6819,70,6.2
1656,1612,45,4.5
1657,2805,40,1.9
1658,5617,75,6.3
1659,7700,50,5.3
1660,4790,80,6.8
1661,3963,30,9.9
1662,200,65,5.5
1663,1527,30,4.5
1664,1683,40,3.3
1665,948,75,3.8
1666,3672,60,2.4
1709,1046,50,9.4
1667,9444,50,1.2
1668,6474,55,1.5
1669,9476,65,5.3
1670,2385,75,6
1671,7875,75,2.8
1672,1144,60,2.7
1673,1607,130,5.4
1674,2985,25,6.8
1675,5832,95,4.9
1676,226,120,2
1677,1949,45,8.2
1678,6788,75,1.3
1679,672,75,4.5
1680,1833,50,8
1681,476,70,1.5
1682,5418,15,2.4
1683,290,60,2.6
1684,3577,35,8.3
1685,3573,25,9.2
1686,5472,40,7.5
1687,6417,70,1.6
1688,9603,65,8.6
1689,4956,95,2.7
1690,5118,110,2.6
1691,3286,60,8.4
1692,1115,40,7.5
1693,294,45,8.8
1694,797,80,5.2
1695,8730,70,4.5
1696,6282,55,9.9
1697,7263,110,1
1799,6652,150,2.5
1800,3184,70,3.7
1801,7294,90,6.6
1802,8360,25,3.9
1803,2640,80,2.1
1804,564,65,3.9
1805,1411,115,8.3
1806,3053,90,3.1
1807,6227,45,1.6
1808,7069,35,6.4
1809,2160,60,1.9
1810,7778,60,1.1
1811,2531,95,7.8
1812,6357,50,7.2
1813,3693,70,9.3
1814,6913,65,2.5
1815,1609,20,6.5
1816,4667,80,9.4
1817,9484,70,6.6
1818,5849,95,6.4
1819,2819,40,2.2
1820,9543,75,2.6
1821,673,55,8.8
1822,8602,115,9.2
1823,4843,75,3.5
1824,8839,100,4.6
1825,3773,40,8.8
1826,1624,60,8.2
1827,8724,85,7.1
1828,5264,85,2.1
1832,8791,120,2.2
1833,3358,70,9.8
1834,6465,55,3.1
1835,9704,85,6.3
1836,1891,35,5.3
1837,8101,50,5.2
1838,7785,80,6
1839,7371,60,9.7
1840,9994,115,5.4
1841,6283,20,3.8
1842,9383,85,3.8
1843,8472,65,9.3
1844,3168,70,5.2
1845,88,70,9
1846,2124,70,1.4
1847,5503,65,3.9
1848,1321,75,3.2
1849,8968,35,8.8
1850,9802,80,8.1
1851,96,100,5.8
1852,2867,60,9.6
1853,1931,60,4.9
1854,3669,65,1.5
1855,5590,45,3.8
1856,3402,75,3.1
1857,6481,55,8.8
1858,9221,55,8.6
1859,5666,80,6.8
1860,1775,65,1.8
1862,1645,95,3.4
1863,5280,55,3.6
1864,7796,70,8.4
1865,4326,80,3
1866,5180,80,1.4
1867,9062,90,8
1868,2613,75,9.1
1869,9855,145,9.2
1870,6115,95,3.1
1871,7812,45,1.7
1872,9215,80,2.3
1873,9379,55,4.4
1874,8139,75,6.8
1875,7510,95,8.3
1876,9917,80,1.7
1877,2846,75,2.7
1878,8444,105,7.3
1879,4165,65,6.1
1880,3622,70,4.2
1881,9874,70,5.2
1882,2111,60,9.2
1883,7464,85,8.3
1884,1449,130,7.1
1885,2713,70,3.4
1886,8968,100,5.5
1887,3070,95,5.7
1888,1422,60,2.7
1889,131,60,5
1890,1913,65,1.8
1891,9056,95,7.8
1892,5664,50,5.3
1893,9012,30,1.7
1894,656,55,3
1895,4997,145,5.3
1896,9416,115,7.6
1897,4305,60,3.7
1898,5993,60,2.2
1899,1624,20,6
1900,8415,35,1.6
1901,9175,35,1.9
1902,656,65,6.6
1903,4852,45,4.4
1904,1470,70,9.3
1905,186,65,8.7
1906,7204,75,8.2
1907,3980,65,3
1908,8652,95,4
1909,6196,125,7.1
1910,9658,60,9.9
1911,9496,85,6.3
1912,8302,50,8.9
1913,7419,15,1.5
1914,8259,100,5.8
1915,3121,115,7.2
1916,5346,115,5.8
1917,6281,95,3.6
1918,5554,25,3.5
1919,971,105,3.9
1920,5349,60,5.5
1921,228,135,3.5
1922,2618,70,7.2
1923,6182,35,4.5
1924,9679,60,2.6
1925,9277,135,1.2
1926,3066,40,6
1927,1485,30,2.1
1928,8794,55,4.4
1929,9712,75,7.7
1930,6372,70,3.9
1931,4218,85,3.8
1932,827,145,3.1
1933,6992,55,4.8
1934,7484,70,5.4
1935,4308,20,6.4
1936,5925,70,3.7
1937,4322,130,5.7
1938,7059,100,5.4
1939,8439,85,3.3
1940,2319,95,7.1
1941,3565,50,7.8
1942,6365,80,3.3
1943,4783,80,2.2
1944,298,110,5
1945,8555,150,9.7
1946,6061,30,4.8
1947,1821,45,7.7
1948,879,135,5.5
1949,5241,70,9.2
1950,8267,155,8.3
1951,8113,110,7
1952,3661,90,9.4
1953,3447,110,7.5
1954,8688,85,5.5
1955,773,30,2.2
1956,3356,55,1.3
1957,2707,65,4
1958,6837,95,8.9
1959,2642,60,4.4
1960,4957,45,9
1961,9559,55,4
1962,2466,55,6.6
1963,3862,95,9.2
1964,5845,95,3
1965,8394,75,1.4
1966,2764,95,4
1967,2295,60,5.5
1968,7486,60,8.9
1969,2071,65,2.5
1970,3375,65,8.6
1971,4487,65,4.4
1972,9420,45,1.1
1973,6086,45,1.2
1974,8995,115,2
1975,7021,55,7.2
1976,7730,90,1.6
1977,6565,45,2.5
1978,7787,115,6.6
1979,8173,35,4.7
1980,4202,75,5.5
1981,3613,115,1.6
1982,8811,50,1.8
1983,1225,35,5.2
1984,3417,85,1.5
1985,3790,65,3.5
1986,9364,60,6.3
1987,9255,90,8
1988,3683,50,6.5
1989,2962,20,8.6
1991,5473,190,4.3
1992,1130,45,4.1
1993,3361,80,9.3
1994,5855,35,7.8
1995,3302,65,1.7
1996,9911,60,3
1997,9635,75,8.8
1998,8615,20,4.7
1999,4982,80,2.6
2000,3247,75,8.8
2001,8110,135,4.8
2002,789,150,6.3
2003,6136,115,8.3
2004,1296,65,2.1
2005,661,70,5.3
2006,9758,80,1.9
2007,5938,75,5.4
2008,1716,80,1.8
2009,3909,135,6.6
2010,8528,60,5
2011,2391,105,5
2012,7022,85,7.8
2013,2376,20,2.4
2014,9060,55,4.5
2015,6303,80,6.2
2016,8170,80,7.5
2017,5165,60,9
2018,3813,40,9.7
2019,6601,105,7.3
2020,2732,80,7.8
2021,1814,100,6.9
2022,6282,80,2.7
2023,8127,30,6.7
2024,4743,55,5.7
2025,998,55,8.9
2026,9279,50,2.6
2027,5877,90,5.3
2028,3445,75,5.6
2029,9386,70,3.5
2030,1051,75,6.8
2031,9472,50,5.6
2032,7978,60,6.2
2033,431,85,3.8
2034,6254,45,1.4
2035,6079,110,4.2
2036,7254,40,8.4
2037,4633,105,7.5
2038,9898,65,9.5
2039,2467,100,9.8
2040,6346,70,3.2
2041,4018,45,6.6
2042,1128,75,7.1
2091,6858,130,2.5
2043,6007,125,7.8
2044,693,80,5.9
2045,4589,125,8.9
2046,8639,25,2.2
2047,7675,45,6.1
2048,9233,65,6.3
2049,6269,85,7.9
2050,3836,40,8.3
2051,2578,60,3.9
2052,2448,100,2.5
2053,8183,70,9.9
2054,2303,65,9.2
2055,5568,45,1.5
2056,6699,65,2.5
2057,8378,95,4.9
2058,312,45,5.8
2059,8431,115,7.3
2060,7943,50,3.2
2061,8599,70,1.1
2062,5797,70,5.3
2063,331,60,1.7
2064,1049,45,7.3
2065,5771,125,7.7
2066,8226,70,3
2092,9316,90,2.1
2067,7614,55,1.7
2068,5751,70,2.7
2069,9076,40,6.2
2070,932,75,3.4
2071,3966,90,6.1
2072,507,110,1
2073,9366,40,2.4
2074,8015,120,9.2
2075,9727,95,8.1
2076,3871,75,3.1
2077,2592,25,9.1
2078,9682,30,8.9
2079,7392,70,2.5
2080,5932,110,3.3
2081,6347,80,4.9
2082,8801,95,1.1
2083,299,65,7.3
2084,7391,15,6.2
2085,6133,25,8.7
2086,2388,90,9.7
2087,1068,65,3.9
2088,4788,95,2.4
2089,6894,85,7.6
2090,2170,155,4.4
2093,9699,45,9.3
2094,1008,65,7.6
2095,7293,60,7.7
2096,8699,50,3
2097,2172,50,2.6
2098,4286,65,3.9
2099,9988,75,2
2100,6552,90,6.3
2101,6508,90,3
2102,687,80,8.5
2103,4464,120,5.5
2104,3610,55,8.1
2105,5896,80,2.6
2106,6078,75,7.2
2107,6494,55,1.9
2108,7206,160,4.3
2109,829,100,2.2
2110,1374,50,7.5
2111,8309,85,9.6
2112,8758,55,8.6
2113,5271,95,7.2
2114,6725,85,1.6
2115,8393,45,4.8
2116,684,120,9.3
2117,5316,155,3.8
2118,800,95,4.1
2121,4667,75,6.9
2122,5272,85,3.9
2123,3455,75,1.3
2124,5304,105,7.1
2125,2120,30,10
2126,9263,90,5.2
2127,1297,60,7.2
2128,727,45,6.6
2129,852,85,6.8
2130,532,90,4.7
2131,3208,45,7.3
2132,6173,85,9.1
2133,3128,110,5.4
2134,1128,80,2.2
2135,9215,150,2.4
2136,5222,95,5.3
2137,6230,50,8.2
2138,5562,95,3.3
2139,4304,70,6.7
2140,312,90,9.8
2141,3366,40,1.9
2142,4105,80,5.6
2143,7918,50,2.8
2144,5880,85,8
2145,8115,90,6.7
2146,9702,95,7.8
2228,8935,120,2.4
2147,1440,60,5.8
2148,4806,70,2.2
2149,8041,95,5.9
2150,8057,50,5
2151,8790,15,4
2152,4952,40,2
2153,4214,120,4.7
2154,2064,50,9.3
2155,86,40,5.4
2156,9345,15,4.9
2157,6914,95,3.9
2158,9309,50,8.9
2159,2606,40,1
2160,7786,80,6.6
2161,3433,70,4.9
2162,3810,85,4.9
2163,7494,45,7
2164,6416,35,3.3
2165,5335,55,9.8
2166,9683,25,3.9
2167,6498,140,9.8
2168,9411,115,8.1
2169,5804,85,7.9
2170,7345,100,1.9
2171,2534,80,7.8
2172,5015,60,4
2229,5617,60,8.2
2173,4593,100,5.4
2174,842,85,5.2
2175,1414,95,2.3
2176,398,85,4.8
2177,8050,80,2.3
2178,8309,130,9.3
2179,3355,60,1.7
2180,2397,60,5.4
2181,5262,25,4
2182,6996,135,3.7
2183,7572,45,2.1
2184,4392,90,4
2185,6775,60,4.2
2186,4317,55,7
2187,501,65,1.1
2188,6846,50,3.5
2189,7783,75,3.2
2190,4786,120,8.5
2191,6532,95,4.3
2192,197,30,9.7
2193,644,115,7.6
2194,7121,90,4
2195,406,80,4.6
2196,8869,90,7.5
2197,8147,45,4.9
2225,5432,85,4.3
2198,1081,25,8.1
2199,2877,105,2.6
2200,6499,85,1.4
2201,8804,85,7.4
2202,1773,100,7.5
2203,9698,50,7.3
2204,2529,25,8.4
2205,3147,110,6
2206,2585,60,5
2207,431,45,2.3
2208,6546,65,6.3
2209,4533,55,2.5
2210,1389,80,7.6
2211,2767,110,4.4
2212,8783,100,1.8
2213,1908,35,8.6
2214,1895,75,4.2
2215,9711,105,6.8
2216,3225,75,5.8
2217,6204,40,2.7
2218,8689,40,2
2219,3150,125,1.5
2220,5423,130,1.1
2221,9353,45,8.9
2222,6177,105,2.1
2223,5715,55,1.9
2224,247,80,6.9
2230,6538,70,4.4
2231,5947,150,9.3
2232,4500,80,2.5
2233,1038,70,3.9
2234,6421,165,9
2235,840,80,1
2236,3160,80,1.7
2237,1597,95,4.1
2238,4422,40,2.6
2239,5162,50,9.4
2240,3883,120,6.9
2241,9401,155,8.7
2242,3127,65,7.5
2243,6903,135,7.9
2244,12,105,1.9
2245,5537,95,2.8
2246,4228,90,3.4
2247,978,50,8.8
2248,997,70,7.4
2249,4605,70,2.3
2250,1142,50,5.3
2251,9752,155,8.1
2252,9601,95,9.6
2253,2535,95,2.1
2254,481,40,7.3
2255,2648,60,6.4
2256,6787,165,1.5
2257,94,95,7.6
2258,7863,100,9.8
2260,6904,65,2.3
2261,1747,145,5
2262,7805,90,9.1
2263,8714,35,4.8
2264,4338,45,5.6
2265,9592,30,5.6
2266,2252,65,8.4
2267,554,50,2.1
2268,8609,130,8.5
2269,8666,85,2.7
2270,9913,90,5.9
2271,1337,150,4.3
2272,3108,85,2
2273,9130,75,7
2274,1552,60,6.1
2275,6444,80,1.9
2276,4396,60,6.9
2277,6549,90,4.4
2278,7721,95,2.1
2279,1523,40,2.9
2280,7523,65,1.6
2281,9425,100,1.9
2282,4689,95,6.8
2283,625,55,1.4
2284,2730,40,7.1
2285,9132,95,9.4
2286,9327,55,1
2287,2775,95,3.7
2288,1555,95,4.3
2289,2391,50,9
2290,1958,70,2.1
2291,9085,85,8.1
2292,5848,55,1.6
2293,3325,75,7.5
2294,3196,90,2.7
2295,3103,60,9.8
2296,9422,85,8.6
2297,4062,85,6.6
2298,3820,90,3.2
2299,801,100,6.8
2300,3406,140,9
2301,2832,150,9.3
2302,6288,90,8
2303,4604,55,2.1
2304,5767,40,1.7
2305,9738,95,5.7
2306,4949,55,6
2307,606,60,8.9
2308,7470,80,4.8
2309,730,5,9.9
2310,7420,75,8.5
2311,1606,95,8
2312,4758,30,5.2
2313,1550,85,3.5
2314,2599,65,8.1
2316,5694,80,3.9
2317,6993,35,3.4
2318,3469,75,7.7
2319,2774,100,4.1
2320,8841,95,7.6
2321,4188,100,6.3
2322,9869,140,7
2323,1990,70,2.5
2324,4566,50,2.5
2325,3216,75,5.1
2326,5024,80,6.5
2327,3063,80,7.1
2328,164,80,7.5
2329,3717,110,2.8
2330,4629,75,8.4
2331,9847,70,1.5
2332,7670,60,4
2333,7548,80,3.6
2334,508,70,4
2335,8510,65,3.8
2336,5796,115,4.9
2337,8864,100,3
2338,2099,60,9.8
2339,8093,75,2.2
2340,5220,90,6.7
2341,1794,95,1.1
2342,2846,105,8.2
2343,4562,125,3.9
2344,2955,75,2
2345,5517,115,2.6
2346,6708,115,3.5
2347,2830,50,3.5
2348,8609,55,8.3
2349,9582,95,2.6
2350,454,60,7
2351,1166,110,5.3
2352,1408,60,1.8
2353,1520,85,1.4
2354,4245,85,3.7
2355,8629,110,5.6
2356,7637,125,5.5
2357,7676,95,3.3
2358,964,130,2.5
2359,4984,110,8.2
2360,1474,85,3.5
2361,7229,30,2.7
2362,6786,80,2.6
2363,6799,70,5.7
2364,6717,95,5.1
2365,8086,85,7.5
2366,8289,135,2.4
2367,6004,25,7.3
2368,6985,70,3.8
2369,1367,50,7.9
2370,2414,50,4.9
2371,6297,100,8.5
2372,9819,60,9.8
2373,7940,60,2.5
2375,5118,60,9.5
2376,4725,40,4.4
2377,2357,65,7.5
2378,2755,45,1.8
2379,5707,115,1.5
2380,9254,135,1.2
2381,9523,125,4.6
2382,7827,110,6.2
2383,933,120,2.6
2384,6629,90,3.6
2385,266,50,3.2
2386,6831,45,3.8
2387,2948,55,9.7
2388,4645,125,2.5
2389,5531,30,6.3
2390,7491,45,2.9
2391,2980,120,6.4
2392,7228,50,5.2
2393,3255,125,3
2394,148,100,2.4
2395,4423,110,3.3
2396,6888,85,7.6
2397,7022,115,1.3
2398,2966,75,1.3
2399,4728,85,8.4
2401,1823,55,8.8
2402,8167,65,6.5
2403,3358,70,9.6
2404,2143,55,8.5
2405,7301,60,5
2406,4588,105,7.4
2407,6335,85,8.4
2408,8580,70,7.9
2409,5251,85,4.9
2410,5971,65,6.8
2411,2482,110,3.7
2412,9106,115,6.9
2413,8811,70,9.3
2414,7524,170,7.1
2415,1097,65,4.7
2416,4072,105,3.4
2417,231,105,3.1
2418,6508,85,5.4
2419,3143,45,2.1
2420,1256,50,9.5
2421,5852,70,6.3
2422,7294,80,1.5
2423,9407,65,2.7
2424,6165,95,1.6
2425,9684,60,2.3
2426,9251,60,3.9
2427,2905,120,2.2
2428,3668,90,3.7
2429,1213,75,8.2
2430,2339,85,9.6
2431,7633,70,4.1
2432,861,115,3.8
2433,8676,55,5.4
2434,9852,80,9.1
2435,5536,95,4.6
2436,8089,35,5.5
2437,2810,90,5.3
2438,5061,20,1.7
2439,4098,110,9.4
2440,3671,105,8.5
2441,8214,65,4.6
2442,7114,65,4
2443,6946,75,4
2444,3450,45,9.5
2445,5652,40,1.4
2446,4001,70,5.7
2447,8095,75,5.3
2448,5428,55,3.1
2449,4838,55,2.5
2450,7334,150,6.7
2451,8526,70,2.3
2452,3641,75,9.6
2453,7907,60,9.4
2454,979,80,4.1
2455,6703,80,5.2
2576,6527,65,8.6
2456,9163,125,7
2457,6231,90,5
2458,9536,55,9.4
2459,8030,50,9
2460,9048,50,9.5
2461,5832,110,1.7
2462,3644,50,7.7
2463,2535,80,9.3
2464,1381,80,4.5
2465,6559,85,6.2
2466,214,85,2
2467,2234,90,6.9
2468,7947,55,1
2469,550,110,3.1
2470,859,85,9
2471,9459,65,7.8
2472,3121,50,6.8
2473,945,70,1.5
2474,5368,135,3.2
2475,3605,60,5.5
2476,1513,45,2.4
2477,547,70,8.2
2478,6159,80,9.4
2479,7091,55,7.7
2480,950,85,8.6
2481,7966,65,6
2482,9064,90,9.1
2483,580,145,8.6
2484,1462,35,1.2
2485,6306,70,9.4
2486,7175,125,1.7
2487,7798,75,1.6
2488,7439,135,1.7
2489,1328,205,6.9
2490,6937,100,8
2491,7024,70,2.6
2492,842,160,5.6
2493,8224,50,5.8
2494,2055,55,3.7
2495,7805,95,9.4
2496,493,60,4
2497,2409,55,9
2498,1327,55,6.6
2499,1181,100,1.3
2500,1161,175,4.5
2501,3268,95,3.6
2502,6304,80,7.6
2503,4081,100,1.4
2504,3602,130,7.2
2505,1427,95,3.4
2506,758,50,8.5
2507,1108,25,7.7
2508,5762,135,3.7
2509,1729,120,1.2
2510,3570,60,6.7
2511,6306,115,6.3
2512,6542,50,3
2513,1247,70,9.4
2514,6362,65,2.5
2515,5441,80,9.8
2516,1401,70,6.3
2517,389,65,4
2518,574,105,6
2519,9686,65,8.8
2520,4940,35,6.2
2521,9945,50,7.3
2522,7956,115,6.7
2523,3758,50,3.7
2524,4397,65,5.7
2525,7170,115,7.8
2526,6339,55,1.6
2527,5251,80,6.8
2528,2193,85,5
2529,7518,110,4.2
2530,811,75,6.4
2531,2039,45,1.7
2532,1693,105,1.3
2533,9028,120,7
2534,6461,90,4
2535,1818,95,6.7
2536,2166,50,5.3
2537,650,65,1.7
2538,2623,25,8.3
2539,3258,30,1.1
2540,1364,45,5.7
2541,7353,25,4.9
2542,5198,85,7.1
2543,1819,85,4.2
2544,5362,100,1.8
2545,8180,70,4.5
2546,7173,105,6.9
2547,6712,25,4.8
2548,2612,60,8
2549,1481,45,2
2550,7438,20,9.1
2551,479,45,9.7
2552,5709,85,8.6
2553,7752,75,6.9
2554,2975,65,4.5
2555,8808,65,6.3
2556,4286,75,4.2
2557,9387,40,6.6
2558,7262,90,3.2
2559,648,100,9.6
2560,94,105,5
2561,7397,40,10
2562,4453,90,9.3
2563,3386,125,4.5
2564,9318,45,5.7
2565,5057,35,4.8
2566,4448,100,9.2
2567,5041,100,4.1
2568,2680,70,1.5
2569,4996,105,4.1
2570,9644,120,7.1
2571,9574,85,2.4
2572,7237,75,9.1
2573,3319,65,5.7
2574,5445,65,2.4
2575,2778,50,7.8
2577,6972,45,4.8
2578,2702,50,1.4
2579,7961,60,6.2
2580,9929,75,3.8
2581,8706,60,9.4
2582,3479,45,9.9
2583,6367,80,6.9
2584,333,70,3.9
2585,205,40,1.4
2586,6323,65,2.1
2587,3990,130,7.4
2588,7953,75,5.8
2589,9115,65,9.9
2590,1272,100,7.1
2591,859,15,7.9
2592,3971,75,9.9
2593,7999,60,7.3
2594,6992,70,8.3
2595,2018,95,1.6
2596,4114,40,1.4
2597,882,90,9
2598,2164,85,3.3
2599,2885,140,5
2600,5762,140,3.5
2601,6477,60,2.6
2602,4407,90,6.2
2688,198,80,2.7
2603,6213,70,8.5
2604,8020,100,3.9
2605,7733,65,3
2606,4939,130,4
2607,9263,70,1.7
2608,7311,70,4.8
2609,6034,40,2.5
2610,1973,85,6.2
2611,3057,170,2.3
2612,705,55,9.6
2613,4174,160,5.1
2614,8922,5,5
2615,7524,60,9.2
2616,5891,40,2.5
2617,3307,20,8.1
2618,7754,70,1.3
2619,4525,25,3
2620,6547,55,8.9
2621,9300,80,3.1
2622,2353,135,5.9
2623,3097,25,5.6
2624,8785,65,1.6
2625,2669,70,3.3
2626,6078,30,9.9
2627,9135,75,1.4
2628,7916,55,9.8
2629,6432,55,2.6
2630,6930,80,6.5
2631,5027,100,1.5
2632,440,90,5.3
2633,8299,90,5.2
2634,951,110,3.6
2635,7610,100,4.6
2636,2722,100,3.5
2637,1553,70,2.2
2638,2157,140,8.8
2639,5729,110,8.3
2640,3023,160,8.7
2641,1196,70,6.4
2642,2680,120,3.9
2643,9667,80,3.9
2644,8838,70,6.9
2645,2469,75,4.7
2646,8130,75,5.9
2647,5582,50,1.7
2648,5663,45,7.2
2649,2555,120,8.1
2650,5175,45,5.2
2651,543,35,3.5
2652,382,70,8.9
2653,9985,40,5.5
2654,8833,50,6.5
2655,7858,135,3.6
2656,3273,125,6.1
2657,1955,70,3.8
2658,7207,80,4.1
2659,655,105,7.4
2719,7506,85,2.6
2660,3197,25,9.1
2661,1987,120,5.7
2662,882,90,10
2663,8451,125,3.6
2664,8643,60,5.2
2665,7935,65,8.3
2666,1502,100,9.9
2667,4101,130,6.6
2668,1101,65,9.9
2669,4860,120,7.7
2670,3470,60,8.2
2671,2409,40,9.1
2672,5856,100,8.3
2673,6799,100,5.6
2674,9372,70,3
2675,7145,95,1.3
2676,1676,80,1.4
2677,8946,70,7.2
2678,2535,45,6.2
2679,7650,75,3.3
2680,3754,60,4.5
2681,7630,100,8.1
2682,8736,60,6.9
2683,1564,60,5.1
2684,5357,105,8.2
2685,9291,20,1.5
2686,7651,75,1.7
2687,5118,85,3.8
2689,9636,110,7.4
2690,8075,30,9.4
2691,7828,50,7.3
2692,344,95,4.8
2693,4370,125,9.9
2694,9970,50,3.7
2695,7249,20,4.3
2696,7159,105,2.2
2697,6235,60,4.7
2698,7566,40,6
2699,1346,90,8.3
2700,807,80,9.1
2701,9716,75,3
2702,5861,100,9.4
2703,9222,55,2.7
2704,9786,30,6.7
2705,6138,80,5.9
2706,7735,25,2.9
2707,8443,85,2.1
2708,2461,140,8.1
2709,1128,90,1.6
2710,7175,115,1.4
2711,9437,75,7.4
2712,4082,35,3.3
2713,802,50,1.6
2714,6861,75,5.4
2715,2860,25,4
2716,4826,95,6.3
2717,233,85,1.6
2718,1786,100,8.7
2720,8442,95,8.8
2721,5248,70,7.7
2722,2854,50,3.4
2723,3877,115,4
2724,6495,120,3.8
2725,8682,65,9.7
2726,1766,85,6.9
2727,5362,35,7
2728,5483,95,4.6
2729,5180,145,9
2730,8560,65,7.7
2731,5883,90,4.2
2732,2571,90,5.3
2733,5251,80,8.2
2734,7475,70,6.2
2735,4264,120,1.7
2736,6270,55,4.5
2737,356,75,8.9
2738,4344,40,8.8
2739,3543,60,5.2
2740,2161,70,2.5
2741,1529,95,1.5
2742,7226,70,5.8
2743,4378,55,9.2
2744,7438,50,3.5
2745,6030,75,2.1
2746,8872,65,8.3
2863,4718,80,4.5
2747,9276,115,5.8
2748,7376,90,6.8
2749,4001,55,9.3
2750,688,95,8.1
2751,9617,65,5.6
2752,5047,45,9.2
2753,5944,55,3.9
2754,9069,70,4.5
2755,3562,55,3.4
2756,4313,70,9.2
2757,1357,65,4.7
2758,2527,90,8.8
2759,8208,120,8.6
2760,4833,95,4.4
2761,1869,60,6.1
2762,7581,90,2.6
2763,4424,90,5.6
2764,9936,150,6
2765,7120,60,2.1
2766,8327,70,4.4
2767,189,85,9.9
2768,7975,75,2.4
2769,6951,95,1.6
2770,7470,75,7.5
2771,6719,85,9
2772,2357,100,7.9
2773,5767,95,4
2774,3747,35,9.9
2775,3648,30,8.8
2776,5717,60,7.6
2777,1372,60,6.2
2778,9830,35,3.6
2779,7205,80,5.7
2780,7211,95,7.5
2781,9459,115,4.3
2782,3472,120,2
2783,1381,50,4
2784,3077,75,7.1
2785,8346,50,1.1
2786,4940,60,6.1
2787,5959,35,6.5
2788,7932,70,4.9
2789,5559,60,8.2
2790,7268,45,3.4
2791,2269,85,2.2
2792,6829,75,3.4
2793,6961,100,6.2
2794,4253,70,9.3
2795,9911,90,6.6
2796,2963,100,7
2797,6114,75,1.4
2798,7763,80,6.2
2799,2797,155,9.5
2800,9511,20,1.4
2801,3836,65,8
2802,5040,45,9.6
2803,7033,90,5.9
2804,5495,55,6.7
2805,287,150,1.1
2806,3849,60,9.5
2807,5522,170,7.3
2808,9926,75,8.4
2809,1863,20,1.8
2810,1181,95,9
2811,2016,60,2
2812,4021,105,2.1
2813,1964,50,9.2
2814,3746,110,3.1
2815,7684,40,7.2
2816,1997,110,4.4
2817,3789,70,9.3
2818,2272,75,2.5
2819,1720,65,7.2
2820,6667,55,7.1
2821,4699,85,6.5
2822,4280,55,4.3
2823,7786,30,4.1
2824,1071,75,1.9
2825,3925,75,5.2
2826,7597,20,8.5
2827,9996,40,5.5
2828,4306,105,5.4
2829,2542,90,9.6
2830,465,65,5.5
2831,7316,75,5.6
2832,7627,170,7.3
2833,9141,25,3
2834,2397,65,8.5
2835,7757,85,3.8
2836,2071,85,6.1
2837,4090,35,4.5
2838,4490,75,1.7
2839,6947,100,9.6
2840,3560,60,4.8
2841,9352,50,1.1
2842,9792,110,2.3
2843,8950,90,2.3
2844,5062,140,1.9
2845,8643,105,6.2
2846,7653,110,1.3
2847,2075,80,3.6
2848,9406,55,1.8
2849,3520,75,2
2850,977,75,2.2
2851,4984,75,1.5
2852,5123,65,2.6
2853,1270,40,7.9
2854,2081,45,2.2
2855,7783,50,3.7
2856,6293,100,9
2857,5969,45,6.8
2858,3026,110,8.9
2859,4063,85,7.3
2860,2042,55,7.7
2861,4710,35,9.4
2862,5376,105,2.4
2864,4760,70,6
2865,4422,75,8.1
2866,6254,20,3.8
2867,1084,40,5.9
2868,5541,80,9
2869,6808,35,4.3
2870,5668,50,2.3
2871,4427,50,7.4
2872,827,90,2.8
2873,5066,65,6.7
2874,3723,35,4.1
2875,2635,20,5.2
2876,4808,60,2.8
2877,4434,25,3.1
2878,7486,45,2.9
2879,6634,65,7.1
2880,7833,50,8.3
2881,7741,50,1.4
2882,5265,65,5.7
2883,4209,80,8.5
2884,609,65,4
2885,6591,40,8.9
2886,1600,85,5.5
2887,6616,45,3.7
2888,9435,70,9.5
2889,1851,85,3.8
2890,3730,95,3.2
2891,778,45,4.4
2892,5663,65,7.4
2893,7491,80,9.5
2894,8741,80,6.8
2895,5444,75,4
2896,3856,110,7.1
2897,14,80,4.8
2898,6947,80,6.3
2899,1813,70,5.8
2900,6975,60,9.6
2901,233,105,4.7
2902,8570,40,4
2903,7405,120,6.5
2904,9277,85,3.4
2905,2849,50,3.6
2906,8100,25,9
2907,1887,25,1.7
2908,9562,80,5.9
2909,2252,145,3.3
2910,5847,170,6
2911,4558,70,4.2
2912,1461,75,3.6
2913,1385,110,8.9
2914,5231,80,4.2
2915,3113,70,1.9
2916,4558,35,1.7
2917,598,110,9.6
2918,6726,50,1.9
2920,1494,65,2.1
2921,8248,85,5.6
2922,4855,50,9.4
2923,8181,75,5.7
2924,9347,70,4.8
2925,1463,100,2.9
2926,5925,70,8.5
2927,5539,110,8.6
2928,7605,100,7.9
2929,1631,90,7.2
2930,1981,90,9.9
2931,3996,35,7.8
2932,9013,55,1.3
2933,9536,120,1.2
2934,8276,60,6.9
2935,3293,50,3.8
2936,1027,90,7.7
2937,4760,45,8.7
2938,4477,55,4.1
2939,4919,95,6
2940,3921,115,8.9
2941,5917,75,2.2
2942,354,60,3.3
2943,3145,135,7.6
2944,236,70,9.3
2945,7257,60,8.6
2946,7453,65,9.5
2947,435,115,7.1
2948,7028,75,6.1
2949,7607,105,8
2950,7934,45,3.3
2951,3952,175,7.7
2952,4091,95,9.9
2953,8629,70,8.6
2954,1398,75,2.5
2955,7896,50,7.3
2956,3325,90,2.6
2957,6795,90,6
2958,1714,40,3.9
2959,1597,65,6
2960,3909,70,9.1
2961,369,55,1.4
2962,9995,110,9.9
2963,2479,120,1.4
2964,977,70,8.6
2965,7614,95,8.3
2966,2687,60,4.8
2967,5090,30,9.7
2968,6502,70,6.3
2969,5779,130,1.8
2970,2327,85,3.9
2971,4042,75,8.5
2972,3723,80,4.2
2973,9908,65,7.6
2974,1766,65,2.7
2975,6776,120,9.3
2976,3296,145,4.5
2977,1954,115,3.4
2978,7461,40,3.1
2979,4173,45,1.1
2980,1943,50,3.8
2981,7000,50,4.8
2982,6626,80,7
2983,6304,50,3.6
2984,8451,65,4.7
2985,2307,35,6.7
2986,9839,110,7.4
2987,6166,80,1.5
2988,754,80,1.1
2989,9418,110,1.3
2990,3304,65,7.7
2991,1181,65,2.5
2992,9110,35,9.2
2993,3935,55,4.4
2994,1985,110,8.3
2995,7698,85,8.9
2996,5308,30,4.3
2997,1858,65,9.1
2998,9250,110,8.4
2999,5090,190,7.1
3000,6100,125,4.4
3001,3438,90,2.1
3002,3167,40,4.7
3003,1478,70,1.8
3004,739,25,9
3005,5293,40,5.1
3006,4714,30,7.2
3007,2104,125,4.7
3008,9897,85,7
3009,7969,75,2.2
3010,7293,105,4.9
3011,2888,70,4.8
3012,5547,95,2.8
3013,8743,70,3.2
3014,6644,65,7.8
3015,838,85,2
3016,7050,40,6.7
3017,3034,70,6.5
3018,1461,60,8.9
3019,4470,155,7.8
3020,4289,105,3.1
3021,6114,65,4.1
3022,123,50,5.3
3023,3721,130,4.2
3024,1399,25,3
3025,726,60,7.9
3026,4302,55,1.6
3027,7038,95,8.7
3028,5667,40,7.4
3029,2825,65,7.2
3030,6605,90,2.6
3031,5529,125,8.1
3032,4343,60,7.8
3033,1959,90,6.9
3034,1267,105,7.8
3036,7212,45,5.1
3037,9159,25,9.1
3038,6981,80,5.4
3039,9396,70,3.4
3040,1159,85,1.4
3041,3122,55,9.5
3042,8391,80,2.4
3043,9549,25,8.7
3044,1918,85,1.3
3045,9755,45,9.8
3046,9890,65,4.6
3047,3608,55,8.7
3048,5714,85,1.1
3049,8352,85,9.9
3050,6809,20,7
3051,452,40,9.4
3052,4459,75,6.6
3053,8188,30,5.4
3054,8225,65,8.8
3055,1065,30,2.9
3056,4663,15,9.6
3057,537,85,3.1
3058,9481,75,6.8
3059,8828,60,8.1
3060,6836,40,10
3061,6513,70,4.4
3062,423,50,5.7
3063,7847,90,3.7
3064,3324,40,6.3
3065,9418,60,2.8
3066,6362,135,8.9
